{
  "name": "Blynk_Async_ESP32_BT_WF",
  "version": "1.0.6",
  "description": "By design, Blynk user can run ESP32 boards with either WiFi or BT/BLE by using different sketches, and have to upload / update firmware to change. This library enables user to include both Blynk BT / BLE and WiFi libraries in one sketch, run both WiFi and BT/BLE simultaneously, or select one to use at runtime after reboot. This library also supports (auto)connection to MultiWiFi and MultiBlynk, dynamic custom as well as static parameters in Config Portal. Eliminate hardcoding your Wifi and Blynk credentials and configuration data saved in either SPIFFS or EEPROM. Optional default Credentials to be autoloaded into Config Portal to use or change instead of manually input. Static STA IP and DHCP Hostname as well as Config Portal AP channel, IP, SSID, Password can be configured. DoubleDetectDetector feature permits entering Config Portal as requested.",
  "keywords": "sensors, control, device, smartphone, mobile, app, web, cloud, communication, protocol, iot, m2m, wifi, ble, bluetooth, ethernet, usb, serial, gsm, gprs, 3g, data, esp8266, http",
  "authors":
  {
    "name":  "Khoi Hoang",
    "url":   "https://github.com/khoih-prog",
    "maintainer": true
  },
  "repository":
  {
    "type": "git",
    "url": "//https://github.com/khoih-prog/Blynk_Async_ESP32_BT_WF"
  },
  "homepage": "https://github.com/khoih-prog/Blynk_Async_ESP32_BT_WF",
  "export": {
    "exclude": [
      "linux",
      "extras",
      "tests"
    ]
  },
  "frameworks": "*",
  "platforms": "*",
  "examples": "examples/*/*/*.ino"
}
